{"cameraMode":{"drawMode":0,"name":"Shaded","section":"Shading Mode"},"sceneLighting":false,"audioPlay":false,"sceneViewState":{"showFog":true,"showMaterialUpdate":false,"showSkybox":false,"showFlares":true,"showImageEffects":true,"showParticleSystems":true},"in2DMode":false,"pivot":{"x":0.12463381886482239,"y":0.0,"z":-0.8365116119384766},"rotation":{"x":0.11051423847675324,"y":-0.7456573247909546,"z":0.12785106897354127,"w":0.6445432305335999},"size":6.227390766143799,"orthographic":false}